{
  "top_k": 20,
  "runs": 30,
  "errors": 0,
  "p50_ms": 113.39,
  "p95_ms": 432.54,
  "mean_ms": 200.01,
  "std_ms": 140.14,
  "raw_latencies_ms": [
    428.0200004577637,
    110.47482490539551,
    428.1044006347656,
    430.02820014953613,
    451.39551162719727,
    423.5193729400635,
    118.9875602722168,
    116.52135848999023,
    112.4875545501709,
    434.83543395996094,
    115.3106689453125,
    171.90170288085938,
    110.1834774017334,
    159.63149070739746,
    109.19308662414551,
    112.94317245483398,
    112.3347282409668,
    109.30228233337402,
    102.21982002258301,
    420.18580436706543,
    111.7088794708252,
    102.85377502441406,
    101.02629661560059,
    107.88226127624512,
    111.16814613342285,
    113.83843421936035,
    111.2370491027832,
    432.5428009033203,
    122.00331687927246,
    108.42394828796387
  ]
}
