{
  "top_k": 10,
  "runs": 30,
  "errors": 0,
  "p50_ms": 116.12,
  "p95_ms": 428.36,
  "mean_ms": 193.16,
  "std_ms": 130.78,
  "raw_latencies_ms": [
    426.8786907196045,
    436.8019104003906,
    174.6959686279297,
    427.3669719696045,
    109.5128059387207,
    113.52658271789551,
    428.3568859100342,
    114.96591567993164,
    416.5217876434326,
    164.4282341003418,
    108.48808288574219,
    103.83343696594238,
    118.93057823181152,
    432.5101375579834,
    424.79944229125977,
    174.18336868286133,
    116.0123348236084,
    110.31174659729004,
    111.24396324157715,
    121.08731269836426,
    108.8871955871582,
    116.2266731262207,
    159.4994068145752,
    108.34813117980957,
    107.92136192321777,
    110.51654815673828,
    106.25243186950684,
    114.99810218811035,
    111.06538772583008,
    116.52755737304688
  ]
}
