{
  "top_k": 5,
  "runs": 30,
  "errors": 0,
  "p50_ms": 121.6,
  "p95_ms": 485.56,
  "mean_ms": 211.38,
  "std_ms": 149.39,
  "raw_latencies_ms": [
    497.59483337402344,
    485.55922508239746,
    436.4809989929199,
    429.5847415924072,
    122.75576591491699,
    109.86566543579102,
    123.43263626098633,
    450.4573345184326,
    440.56034088134766,
    128.36408615112305,
    122.59650230407715,
    115.25726318359375,
    426.3417720794678,
    118.48616600036621,
    486.6495132446289,
    111.34886741638184,
    163.67411613464355,
    105.19742965698242,
    108.25753211975098,
    111.79447174072266,
    111.76538467407227,
    107.13815689086914,
    115.19503593444824,
    120.60093879699707,
    112.54501342773438,
    169.12579536437988,
    112.3805046081543,
    165.92669486999512,
    120.19467353820801,
    112.25032806396484
  ]
}
